"term";"estimate";"conf.low";"conf.high";"eff.samp";"pMCMC";"CI"
"(Intercept)";0.23;0.14;0.32;2900.00000000001;0.000689655172413817;"(0.14, 0.32)"
"group type (single-sex)";0.27;0.12;0.4;2899.99999999999;0.00413793103448268;"(0.12, 0.4)"
"treatment (dispersed)";-0.06;-0.12;-0.01;2900.00000000001;0.0289655172413793;"(-0.12, -0.01)"
"night";0;-0.03;0.05;2900;0.786206896551724;"(-0.03, 0.05)"
"group type (single-sex):treatment (dispersed)";-0.12;-0.2;-0.03;2900;0.0110344827586207;"(-0.2, -0.03)"
"group type (single-sex):night";0.05;-0.01;0.11;2900;0.0689655172413792;"(-0.01, 0.11)"
"treatment (dispersed):night";0;-0.02;0.02;2900;0.942758620689655;"(-0.02, 0.02)"
"group type (single-sex):treatment (dispersed):night";-0.02;-0.06;0.02;2900;0.28;"(-0.06, 0.02)"
