"term";"estimate";"conf.low";"conf.high";"eff.samp";"pMCMC";"CI"
"(Intercept)";0.5;0.41;0.6;2900;0.000344827586206897;"(0.41, 0.6)"
"group type (mixed)";-0.27;-0.4;-0.14;2899.99999999999;0.00275862068965517;"(-0.4, -0.14)"
"treatment (dispersed)";-0.18;-0.24;-0.11;2900.00000000001;0.000344827586206897;"(-0.24, -0.11)"
"night";0.05;0.01;0.1;2900;0.0303448275862068;"(0.01, 0.1)"
"group type (mixed):treatment (dispersed)";0.12;0.04;0.2;2702.39310294166;0.00689655172413794;"(0.04, 0.2)"
"group type (mixed):night";-0.05;-0.11;0.01;2900;0.115862068965517;"(-0.11, 0.01)"
"treatment (dispersed):night";-0.01;-0.04;0.02;2900;0.573103448275862;"(-0.04, 0.02)"
"group type (mixed):treatment (dispersed):night";0.01;-0.03;0.05;2900.00000000001;0.648275862068965;"(-0.03, 0.05)"
