"term";"estimate";"conf.low";"conf.high";"eff.samp";"pMCMC";"CI"
"(Intercept)";0.52;0.37;0.68;2031.87779623948;0.00105263157894742;"(0.37, 0.68)"
"sex (female)";-0.2;-0.26;-0.14;2384.82354108606;0.000526315789473684;"(-0.26, -0.14)"
"condition (distributed)";-0.23;-0.29;-0.17;1899.99999999999;0.000526315789473684;"(-0.29, -0.17)"
"night";0.06;0.01;0.1;2203.72675604954;0.0221052631578946;"(0.01, 0.1)"
"sex (female):condition (distributed)";0.15;0.06;0.23;1900;0.000526315789473684;"(0.06, 0.23)"
"sex (female):night";-0.03;-0.06;-0.01;1649.50463106853;0.0147368421052632;"(-0.06, -0.01)"
"condition (distributed):night";-0.04;-0.07;-0.02;1900;0.000526315789473684;"(-0.07, -0.02)"
"sex (female):condition (distributed):night";0.04;0.01;0.08;1891.27943840356;0.02;"(0.01, 0.08)"
