"term";"estimate";"conf.low";"conf.high";"eff.samp";"pMCMC";"CI"
"(Intercept)";0.55;0.45;0.65;1900;0.000526315789473684;"(0.45, 0.65)"
"sex (female)";-0.17;-0.24;-0.12;1900;0.000526315789473684;"(-0.24, -0.12)"
"treatment (dispersed)";-0.22;-0.28;-0.16;1900;0.000526315789473684;"(-0.28, -0.16)"
"night";0.06;0.03;0.09;1900;0.00105263157894742;"(0.03, 0.09)"
"sex (female):treatment (dispersed)";0.11;0.03;0.18;1900;0.00421052631578944;"(0.03, 0.18)"
"sex (female):night";-0.03;-0.06;-0.01;2353.24072949532;0.00736842105263158;"(-0.06, -0.01)"
"treatment (dispersed):night";-0.04;-0.07;-0.02;1900;0.000526315789473684;"(-0.07, -0.02)"
"sex (female):treatment (dispersed):night";0.04;0.01;0.07;1900;0.0136842105263157;"(0.01, 0.07)"
