"term";"estimate";"conf.low";"conf.high";"eff.samp";"pMCMC";"CI"
"(Intercept)";0.55;0.45;0.65;2900;0.000344827586206897;"(0.45, 0.65)"
"sex (female)";-0.17;-0.24;-0.12;2900;0.000344827586206897;"(-0.24, -0.12)"
"treatment (dispersed)";-0.22;-0.28;-0.16;2900;0.000344827586206897;"(-0.28, -0.16)"
"night";0.06;0.03;0.1;2900;0.00137931034482763;"(0.03, 0.1)"
"sex (female):treatment (dispersed)";0.11;0.04;0.19;2900;0.00413793103448268;"(0.04, 0.19)"
"sex (female):night";-0.03;-0.06;-0.01;3307.53997627117;0.00689655172413793;"(-0.06, -0.01)"
"treatment (dispersed):night";-0.04;-0.07;-0.02;2900;0.00137931034482759;"(-0.07, -0.02)"
"sex (female):treatment (dispersed):night";0.05;0.01;0.08;2900.00000000001;0.00551724137931031;"(0.01, 0.08)"
